,count,mean,median,std,min,max
Quantity,1061164.0,10.299362775216649,3.0,166.26048510885124,-80995.0,80995.0
Price,1061164.0,4.826113369846697,2.1,95.71169915810106,0.001,38970.0
Amount,1061164.0,18.32509085117852,9.9,282.50664180625955,-168469.6,168469.6
