StockCode,Amount
22423,327813.64999999997
DOT,322647.47
85123A,253720.02
85099B,181278.51
47566,147948.5
84879,131413.85
22086,121662.14
POST,112341.0
79321,84854.16
22197,80300.06999999999
22386,76244.93
84347,73814.72
20725,70909.1
21137,69247.18000000001
85099F,67976.57
48138,67398.22
20685,67219.08
23084,66756.59
22114,62722.55
82484,62517.02
